Borough,CouncilDist,Food_Scrap_Drop_Off_Site_Name,Latitude,Location,Longitude,NTAName,Notes,Object ID,Operation_Day_Hours,Open_Months,Hosted_By,Website,boroCD,ct2010,point,Precinct,BBL,BIN
Queens,25,St. James Compost,40.738332,"86-02 Broadway, Elmhurst, NY 11373",-73.8777581,Elmhurst,,8,Every day from 9:00AM - 6:00PM,Year Round,Volunteers at St. James Compost,https://www.instagram.com/stjamescompost/,404,,POINT (-73.8777581000009 40.7383320000032),,,
New York,2,Down to Earth Garden,40.7281,546 East 12th St,-73.979,Lower East Side,"We accept potted plants, clippings and flowers but please keep them separate from food scraps.",139,Tuesday: 1:30 to 3:30pm,Year Round,Down to Earth Garden,downtoearthgarden.org/,103,34,POINT (-73.979000000001 40.7281000000032),9,,
New York,1,WEATHER CLOSURE 1/29: Tribeca Greenmarket,40.717424,Tribeca Greenmarket,-74.010793,SoHo-TriBeCa-Civic Center-Little Italy,,70,Saturdays 8:00AM - 1:00PM,Year Round,GrowNYC,,101,,POINT (-74.010793000001 40.7174240000032),,,
Richmond,49,WEATHER CLOSURE 1/29: Staten Island Urban Center,40.6369271,208 Bay Street,-74.0767091,Stapleton-Rosebank,"Not accepted: meat, bones, dairy",107,Saturdays 11:00 AM - 1:30 PM,Year Round,Staten Island Urban Center,www.siurbancenter.org,501,21,POINT (-74.076709100001 40.6369271000032),120,5004980066,5013259
Queens,28,Discovery Community Garden,40.6944987,"108-56 Union Hall St Jamaica, NY 11433",-73.7913159,South Jamaica,No meat. No BPI-Certified Products.,208,"Mondays, 12-2PM",Year Round,NYC Compost Project Hosted by Big Reuse,https://www.bigreuse.org/service/compost/,412,,POINT (-73.791315900001 40.6944987000032),,,
Richmond,50,Grace Foundation,40.591211,460w Brielle Avenue,-74.1320734,Todt Hill-Emerson Hill-Heartland Village-Lighthouse Hill,"Not accepted: meat, bones, or dairy",120,Mondays 9 AM - 12 PM,Year Round,Grace Foundation,graceofny.org,502,181,POINT (-74.132073400001 40.5912110000032),122,5009550100,5000000
New York,3,Hudson River Park's Pier 76 at W. 34th St.,40.756032,Pier 76 at 34th Street and 12th Ave outside of compost yard South of 34th St,-74.006046,Hudson Yards-Chelsea-Flatiron-Union Square,"Not accepted: meat, bones, or dairy",38,Every day 7:00 am - 7:00 pm,Year Round,Staff at Hudson River Park,https://hudsonriverpark.org/the-park/sustainability/community-compost-program/,104,,POINT (-74.006046000001 40.7560320000032),,,
Kings,39,Christ Church Community Compost,40.68596,326 Clinton Street,-73.99701,Carroll Gardens-Columbia Street-Red Hook,"Only accepting fruits, vegetables, coffee, tea, and nuts",93,Sundays from 9:00AM-10:00AM; Wednesdays from 7:00PM-8:00PM,Year Round,Volunteers at Christ Church,www.christchurchcobblehill.net,306,67,POINT (-73.997010000001 40.6859600000032),76,3003240036,3003899
Kings,39,WEATHER CLOSURE 1/29: Grand Army Plaza Greenmarket,40.673438,"Flatbush Ave & Eastern Pkwy, north of the arch",-73.969814,Park Slope-Gowanus,"No Meat, Fish, and Dairy. No BPI-Certified Compostable Plastic Products.",203,"Saturdays, 8AM-2PM",Year Round,GrowNYC,grownyc.org/compost,355,,POINT (-73.969814000001 40.6734380000032),,,
Queens,30,Glendale Community Garden,40.707547,"74-10 88th St, Glendale, NY 11385",-73.864884,Glendale,"Not accepting: meat, bones, or dairy",88,Saturdays & Sundays 11:00AM - 4:00PM,Year Round,Volunteers at Glendale Community Garden,,405,,POINT (-73.864884000001 40.7075470000032),,,
Queens,23,Queens County Farm Museum,40.748406,"73-50 Little Neck Parkway, Queens, NY 11004",-73.721002,Bellerose,"Check Calendar of Events at queensfarm.org for dates when admission is charged (and compost site is not accessible without a ticket). *Farm-wide admission is charged for weekend events on 10-12 days each calendar year. Also, stop by the Farm Store to fi",6,Every Day 10:00 AM-04:00 PM,Year Round,Staff at Queens County Farm Museum,http://queensfarm.org/,413,,POINT (-73.7210020000009 40.7484060000032),,,
Bronx,14,WEATHER CLOSURE 1/29: New Settlement Community Center,40.8424593,"1501 Jerome Ave, Bronx, NY 10452",-73.9163193,West Concourse,"No Rice, Pasta, Bread, and Grains. No Meat, Fish, and Dairy. No BPI - Certified Products. Remove all plastic, stickers and zip ties before dropping off food scraps",198,"Saturdays, 10:30AM-1PM",December 4 - June 25,New Settlement Community Center,NewSettlement.org/food,204,,POINT (-73.9163193000009 40.8424593000032),,,
Queens,29,Kew Gardens Food Scrap Drop-off,40.707626,Metropolitan Ave & Audley St,-73.836079,Kew Gardens,"Not accepted: meat, bones, or dairy",152,Thursdays 9:30 AM - 12:30 PM,Year Round,GrowNYC,grownyc.org/compost,409,,POINT (-73.836079000001 40.7076260000032),,,
New York,3,WEATHER CLOSURE 1/29: Abingdon Square Greenmarket,40.737472,W 12th St and 8th Ave,-74.005095,West Village,"Not accepted: meat, bones, or dairy",66,Saturdays 8:00AM - 2:00PM,Year Round,GrowNYC,,102,77,POINT (-74.005095000001 40.7374720000032),6,,
Kings,39,Prospect Farm,40.654139,"1194 Prospect Ave, Brooklyn, NY 11218",-73.976444,Windsor Terrace,,55,Wednesdays 5:00PM - 6:00PM; Saturdays 11:00AM - 12:00PM,Year Round,Prospect Farm,https://prospectfarm.org/composting/,307,,POINT (-73.976444000001 40.6541390000032),,,
New York,3,Hudson River Park's Chelsea Waterside Park at W. 23rd St.,40.7489842,Chelsea Waterside Park near the playground,-74.0071142,Hudson Yards-Chelsea-Flatiron-Union Square,"Not accepted: meat, bones, or dairy.",34,Every day 7:00AM - 7:00PM,Year Round,Staff at Hudson River Park,https://hudsonriverpark.org/the-park/sustainability/community-compost-program/,104,,POINT (-74.007114200001 40.7489842000032),,,
Queens,22,Astoria Pug: Steinway,40.764056,"38-12 30th Ave, Queens, NY 11103",-73.915722,Astoria,"Not accepted: meat, bones, dairy, or oil",23,24/7,Seasonal,Astoria Pug,https://www.instagram.com/astoriapug/?hl=en,401,,POINT (-73.915722000001 40.7640560000032),,,
Queens,26,Rusty Wheelbarrow Farm,40.7427093,"72-2 Woodside Ave, Woodside, NY 11377",-73.892547,Elmhurst-Maspeth,"No meat, bones, or dairy.",166,Tuesdays	12:00 PM- 2:00 PM,Year Round,NYC Compost Project Hosted by Big Reuse,https://www.bigreuse.org/,402,,POINT (-73.892547000001 40.7427093000032),,,
Richmond,50,Manor Heights,40.605671,"Woodward Ave and Woolley Ave, 10314",-74.140879,New Springville-Bloomfield-Travis,"Not accepted: meat, bones, or dairy",184,Thursdays 4 PM - 5:30 PM,Year Round,Snug Harbor Youth,snug-harbor.org,502,,POINT (-74.140879000001 40.6056710000032),,,
Kings,42,Canarsie Compost Yard,40.6516767,"1149 Rockaway Avenue, Brooklyn NY, 11236",-73.9059912,East New York,"Not accepted: meat, bones, or dairy",171,Wednesdays 10 AM - 2 PM,Year Round,NYC Compost Project Hosted by LES Ecology Center,https://www.lesecologycenter.org/programs/compost/compost-drop-off-locations/,318,,POINT (-73.905991200001 40.6516767000032),,,
Queens,26,Astoria Pug: Hunter's Point,40.74777,46th Avenue and 5th Street,-73.95486,Hunters Point-Sunnyside-West Maspeth,,183,Tuesdays	9:00 AM - 12:00 PM,Year Round,Astoria Pug,https://www.instagram.com/astoriapug/?hl=en,402,1,POINT (-73.9548600000009 40.7477700000032),108,,
Bronx,11,Riverdale Neighborhood House,40.903202,"5521 Mosholu Avenue Bronx, NY 10471",-73.903936,North Riverdale-Fieldston-Riverdale,"No meat, BPI Certified Products. Remove all plastic, stickers and zip ties before dropping off food scraps.",156,"Thursdays, 1-6PM",Year Round,Riverdale Neighborhood House,,208,,POINT (-73.903936000001 40.9032020000032),,,
New York,2,Madison Square Park Food Scrap Drop-off,40.741669,23rd St & Broadway,-73.988969,Hudson Yards-Chelsea-Flatiron-Union Square,No meat. No BPI products.,194,Wednesdays 8 AM to 1 PM,Year Round,GrowNYC,grownyc.org/compost,105,,POINT (-73.9889690000009 40.7416690000032),,,
Queens,22,Astoria Pug: Ditmars,40.774194,Ditmars #1 Municipal Parking Field 22-18 33rd Street,-73.911611,Steinway,"Not accepted: meat, bones, dairy, or oil.",24,Saturdays 9:00AM - 3:45PM,Year Round,Astoria Pug,https://www.instagram.com/astoriapug/?hl=en,401,,POINT (-73.9116110000009 40.7741940000032),,,
Queens,19,St. Anastasia Roman Catholic Church,40.7657836,246-02 Northern Blvd; Enter the path to the right of the school yard to the student garden,-73.7408196,Douglas Manor-Douglaston-Little Neck,"Not accepted: meat, bones, or dairy",98,Fridays 8:00AM - 12:00PM; Saturdays 12:00PM - 12:30PM,Year Round,St. Anastasia Roman Catholic Church,https://www.sta.nyc/,411,,POINT (-73.7408196000009 40.7657836000032),,,
Bronx,8,Target Bronx Community Garden,40.83316,1024 Woodycrest Avenue,-73.92728,Highbridge,"Not accepted: meat, bones, or dairy",83,Mondays 10:00AM - 5:00PM,Year Round,Target Bronx Community Garden,www.targetbronxcommunitygarden.org,204,189,POINT (-73.9272800000009 40.8331600000032),44,2025080013,2000000
Kings,39,CLOSED FOR THE SEASON: East 4th Street Community Garden,40.6483066,"173 E 4th St, Brooklyn, NY 11218",-73.9772287,Windsor Terrace,,12,"Wednesdays 4:30 PM-6:30 PM, Saturdays 10:00 AM-1:00 PM, Sundays 10:00 AM - 12 PM","Seasonal, April - November 21",Members at East 4th Street Community Garden,https://eastfourthstreetgarden.tumblr.com/,307,,POINT (-73.977228700001 40.6483066000032),,,
New York,1,CLOSED FOR THE SEASON: Governors Island Compost Learning Center,40.6871579,758 Enright Rd,-74.0201142,park-cemetery-etc-Manhattan,Accepted: All organics except pet waste,51,Saturdays and Sundays,May 1- November 1,NYC Compost Project Hosted by Earth Matter NY,,101,5,POINT (-74.020114200001 40.6871579000032),1,,
Kings,33,WEATHER CLOSURE 1/30: North Brooklyn Compost,40.724493,"Russell Street &, Nassau Ave, Brooklyn, NY 11222",-73.94375,Greenpoint,No oil,19,Sundays 10:00AM - 1:00PM,Year Round,North Brooklyn Compost,https://www.instagram.com/nbkcompost/?hl=en,301,,POINT (-73.943750000001 40.7244930000032),,,
Queens,21,Corona Food Scrap Drop-off,40.749728,Roosevelt Ave at 103 Street,-73.862513,North Corona,No meat. No BPI certified Products.,188,Fridays	8:00 AM - 1:00 PM,Year Round,GrowNYC,grownyc.org/compost,404,,POINT (-73.862513000001 40.7497280000032),,,
Richmond,51,Pleasant Plains,40.528501,Bloomingdale Rd and Drumgoole Road East,-74.216895,Charleston-Richmond Valley-Tottenville,"Not accepted: meat, bones, or dairy",162,Mondays 12 PM - 2 PM,Year Round,Snug Harbor Youth,https://snug-harbor.org/,503,20803,POINT (-74.216895000001 40.5285010000032),123,,
New York,9,127th Street Learning Annex,40.8095063,128 West 127th Street,-73.9460129,Central Harlem North-Polo Grounds,"Not accepted: meat, bones, or dairy",115,24/7,Year Round,Harlem Grown,www.harlemgrown.org/volunteer,110,224,POINT (-73.946012900001 40.8095063000032),28,1019110048,1000000
Kings,39,Gowanus Salt Lot,40.67541,"2 2nd Ave, Brooklyn, NY 11215",-73.99128,Park Slope-Gowanus,"Not accepted: meat, bones, dairy, or oil",56,24/7,Year Round,NYC Compost Project Hosted by Big Reuse,https://www.bigreuse.org/service/compost/,306,,POINT (-73.991280000001 40.6754100000032),,,
New York,8,Carver Community Garden,40.802223,242 East 124th,-73.934723,East Harlem North,"No Dried Flowers and Houseplants. No Bread, Grains, Pasta. No Meat, Fish, and Dairy. No BPI-Certified Compostable Plastic Products",151,"Wednesdays, 10AM-1PM",Year Round,Carver Community Garden,,111,194,POINT (-73.934723000001 40.8022230000032),25,1017880030,1000000
Kings,47,Bay Parkway at 86th Street,40.6022147,Near NE corner of Bay Parkway and 86th Street (Off Bay Parkway D Subways station between 85th and 86th Streets),-73.9938325,Bensonhurst West,"Not accepted: meat, bones, or dairy",130,Tuesdays 10:00 AM - 2:00 PM,Year Round,NYC Compost Project Hosted by LES Ecology Center,https://www.lesecologycenter.org/programs/compost/compost-drop-off-locations/,311,,POINT (-73.9938325000009 40.6022147000032),,,
Bronx,8,Padre Plaza Community Garden,40.8079687,"541 E 139th St, Bronx, NY 10454",-73.917581,Mott Haven-Port Morris,"Not accepted: grains, bread, meat, or dairy",179,Mondays & Wednesdays 12 PM - 5 PM,Year Round,Padre Plaza Community Garden,,201,,POINT (-73.917581000001 40.8079687000032),,,
Bronx,17,CLOSED FOR THE SEASON: Lincoln Hospital Greenmarket,40.817685,149th St between Park Ave and Morris Ave,-73.924225,Melrose South-Mott Haven North,"Not accepted: meat, bones, or dairy",44,Fridays 8:00AM - 12:00PM,June 25 - November 19,GrowNYC,https://www.grownyc.org/greenmarket/bronx/lincoln-hospital-fr,201,,POINT (-73.924225000001 40.8176850000032),,,
New York,1,Grand Street & Clinton Street,40.715889,Grand Street & Clinton Street,-73.986861,Lower East Side,"Not accepted: meat, bones, or dairy",29,Mondays 9:00AM - 2:00PM,Year Round,NYC Compost Project Hosted by LES Ecology Center,https://www.lesecologycenter.org/programs/compost/compost-drop-off-locations/,103,,POINT (-73.986861000001 40.7158890000032),,,
New York,5,East 96th Street Food Scrap Drop-off,40.785792,96th St & Lexington Ave,-73.950833,Upper East Side-Carnegie Hill,"Not accepted: meat, bones, or dairy",102,Fridays 7:30AM - 11:30AM,Year Round,GrowNYC,,108,,POINT (-73.950833000001 40.7857920000032),,,
Queens,31,Garden of Resilience,40.66392,"179-18 145th Dr, Jamaica, NY 11434",-73.76626,Springfield Gardens South-Brookville,"Not accepted: meat, bones, or dairy.",87,Saturdays 9:00AM - 1:00PM,Year Round,Volunteers at Garden of Resilience,http://www.laurelton.nyc/resilience,413,,POINT (-73.766260000001 40.6639200000032),,,
New York,8,Rodale Pleasant Park Community Garden,40.7942659,"437 E 114th St, New York, NY 10029",-73.9344142,East Harlem North,"Compost volunteer workdays are every Friday 3pm-6pm. To volunteer, email flosparks0306@gmail.com.",124,24/7,Everyday,Rodale Pleasant Park Community Garden,,111,,POINT (-73.9344142000009 40.7942659000032),,,
Kings,36,Imani Community Garden,40.67623,"87-91 Schenectady Ave, Brooklyn, NY 11213",-73.93295,Crown Heights North,"Not accepted: meat, bones, or dairy",61,Wednesdays 8:00AM - 10:00AM; Saturdays 11:00AM - 1:00PM,Year Round,Imani Community Garden,https://www.facebook.com/Imani-Garden-168006109999475/,308,,POINT (-73.932950000001 40.6762300000032),,,
New York,2,CLOSED FOR THE SEASON: La Plaza Cultural Community Garden,40.7253498,674 East 9th Street,-73.9786278,Lower East Side,"No Meat, fish, bones, dairy products, animal waste, compostable cutlery, compostable containers and plates, and other compostable products. This site has specific instructions. Please carefully read instructions here: https://bit.ly/laplazadropoff",147,"Saturday and Sunday, 10AM-Dusk",April-November,La Plaza Cultural Community Garden,www.laplazacultural.com,103,2602,POINT (-73.978627800001 40.7253498000032),9,,
Bronx,17,WEATHER CLOSURE 1/29: Kelly Street Garden,40.820124,"924 Kelly St, The Bronx, NY 10459",-73.895674,Longwood,,76,Saturdays 10:00AM - 2:00PM,Year Round,Volunteers at Kelly Street Garden,https://www.facebook.com/kellyst.garden/,202,,POINT (-73.895674000001 40.8201240000032),,,
New York,7,Maggie's Garden,40.8285158,564 W 149th St,-73.9481163,Hamilton Heights,"Not accepted: meat, bones, or dairy",119,24/7 Drop Off,Year Round,Maggie's Garden,,109,233,POINT (-73.948116300001 40.8285158000032),30,1020800058,1000000
New York,3,Mathews-Palmer Park,40.76113,"437 W 45 St, New York, NY 10036",-73.99292,Clinton,"Please register to participate at bit.ly/HKcompost Setup is inside the park gate, under the mosaic panels, to the right of the park house door. Lids must remain closed and all food scraps must be placed INSIDE the bins",75,"Open during all park hours, typically dawn-dusk",Year Round,Mathews-Palmer Park,,104,,POINT (-73.992920000001 40.7611300000032),,,
New York,8,CLOSED FOR THE SEASON: Lydia's Magic Garden,40.80014,"1665 Park Avenue, Manhattan 10035 between 117th and 118th Streets",-73.94232,East Harlem North,"Bring food scraps inside the garden to place in the compost tumbler. Not accepted: meat, bones, or dairy.",92,"Sunday: 3-4PM, Monday 1-2PM Tuesday 1-2PM, Wednesday 1-2PM, Friday: 8-9AM",Seasonal (Closed 11/12/21),Lydia's Magic Garden,https://www.facebook.com/lydiasmagicgarden/,111,,POINT (-73.9423200000009 40.8001400000032),,,
Queens,19,Coastal Preservation Network,40.7859379,College Point Blvd & 14th Ave,-73.8458402,College Point,No meat accepted.,207,Thursdays 10AM-12PM,Year Round,Coastal Preservation Network,www.coastalpreservation.org,407,,POINT (-73.8458402000009 40.7859379000032),,,
Kings,36,1100 Bergen Street Community Garden,40.67629,"1107 Bergen Street, Brooklyn, NY 11216",-73.94925,Crown Heights North,"Meat, bones, and dairy not accepted.",134,"Sundays, 10AM-3PM",Year Round,Volunteers at 1100 Bergen Street Community Garden,https://bqlt.org/garden/1100-block-bergen-st-community-garden,308,,POINT (-73.949250000001 40.6762900000032),,,
Queens,31,Edgemere Farm,40.595012,"385 Beach 45th St, Far Rockaway, NY 11691",-73.7765544,Hammels-Arverne-Edgemere,,2,"Wednesdays-Fridays 10:00 AM-5:00 PM, Saturdays, 10:00 AM-3:00 PM",Year Round,Volunteers at Edgemere Farm,http://www.edgemerefarm.org/,414,,POINT (-73.7765544000009 40.5950120000032),,,
Bronx,11,Norwood Farmstand,40.88201,E Gun Hill Road and Dekalb Ave. (SE corner),-73.880346,Norwood,,202,"Thursdays, 9AM-2PM",Year Round,GrowNYC,grownyc.org/compost,207,,POINT (-73.880346000001 40.8820100000032),,,
Queens,26,Socrates Sculpture Park,40.768389,"Broadway & Vernon Blvd, Queens, NY 11106",-73.937,Queensbridge-Ravenswood-Long Island City,"Not accepted: meat, bones, dairy, or oil",148,Every day 9:00AM - dusk,Year Round,Socrates Sculpture Park,socratessculpturepark.org,401,,POINT (-73.937000000001 40.7683890000032),,,
Queens,24,Kehilat Sephardim Food Pantry,40.72087,"15062 78th Rd, Queens, NY 11367",-73.81152,Kew Gardens Hills,"Not accepted: meat, bones, or dairy",91,Sundays 9:00 AM - 2:00 PM,Year Round,Kehilat Sephardim Food Pantry,,408,,POINT (-73.811520000001 40.7208700000032),,,
Queens,24,CLOSED FOR THE SEASON: Briarwood CSA,40.7100076,"85-12 Main St, Briarwood, NY 11435",-73.8194271,Briarwood-Jamaica Hills,"Not accepted: meat, bones, or dairy",123,CLOSED FOR SEASON,CLOSED FOR SEASON,Volunteers at Briarwood CSA,www.briarwoodcsa.org,408,,POINT (-73.819427100001 40.7100076000032),,,
Queens,26,Smiling Hogshead Ranch,40.7432328,"Pearson Pl & Skillman Ave, Queens, NY 11101",-73.9431336,Hunters Point-Sunnyside-West Maspeth,,7,"Every Day, Dawn-Dusk",Year Round,Volunteers at Smiling Hogshead Ranch,www.smilinghogsheadranch.org,402,,POINT (-73.943133600001 40.7432328000032),,,
Richmond,49,H.E.A.L.T.H for Youths Skyline Community Garden,40.639901,1 Clyde Place,-74.0902865,West New Brighton-New Brighton-St. George,"Not accepted: meat, bones, or dairy",106,Saturdays 10:00AM - 11:00AM,Year Round,H.E.A.L.T.H for Youths Skyline Community Garden,www.health4youths.org,501,77,POINT (-74.090286500001 40.6399010000032),120,,
Bronx,16,Morrisania Food Scrap Drop-off,40.831187,McKinley Square at 169th St & Boston Rd,-73.900567,Morrisania-Melrose,"Not accepted: meat, bones, dairy",180,Wednesdays 10 AM - 1 PM,Year Round,GrowNYC,grownyc.org/compost,203,,POINT (-73.900567000001 40.8311870000032),,,
New York,10,Morris-Jumel Community Garden,40.8359312,457 West 162nd Street,-73.9391906,Washington Heights South,,170,24/7 Drop off,Year Round,Morris-Jumel Community Garden,,112,24301,POINT (-73.939190600001 40.8359312000032),33,1021100058,1000000
Kings,35,WEATHER CLOSURE 1/29: Fort Greene Greenmarket,40.691956,Washington Park and Willoughby Ave,-73.973643,Fort Greene,"Not accepted: meat, bones, or dairy",48,Saturdays 9:00AM - 2:00PM,Year Round,GrowNYC,https://www.grownyc.org/greenmarket/brooklyn/fort-greene,302,31,POINT (-73.973643000001 40.6919560000032),88,,
Queens,26,"CLOSED FOR THE SEASON: New Roots Community Garden, Queens",40.74325,Adjacent to 41-38 69th Street and Woodside Avenue,-73.8962,Woodside,"No meat, fish, or dairy accepted.",138,CLOSED FOR THE SEASON,CLOSED FOR THE SEASON,"New Roots Community Garden, Queens",@newrootsqueens,402,,POINT (-73.896200000001 40.7432500000032),,,
Bronx,17,Drew Gardens,40.839897,"1070 East Tremont Avenue. between Bronx Street and, Boston Rd, The Bronx, NY 10460",-73.879181,Crotona Park East,,16,"Mondays, Wednesdays, and Fridays from 4:00PM - 7:00PM",Year Round,Volunteers at Drew Gardens,https://www.facebook.com/drewgardens.educationalrecreational,206,,POINT (-73.8791810000009 40.8398970000032),,,
Bronx,18,Parkchester Food Scrap Drop-off,40.83321,Westchester Ave and White Plains Rd.,-73.86263,Parkchester,No meat. No BPI certified products.,187,Fridays	8:00 AM-12:00 PM,Year Round,GrowNYC,grownyc.org/compost,209,72,POINT (-73.862630000001 40.8332100000032),43,,
Kings,40,WEATHER CLOSURE 1/29: Maple Street Community Garden,40.66085,"237 Maple St, Brooklyn, NY 11225",-73.95283,Prospect Lefferts Gardens-Wingate,"Not accepted: meat, bones, or dairy",71,Wednesdays and Saturdays 10:30AM - 12:30PM,Year Round,Maple Street Community Garden,www.maplestreetcommunitygarden.com,309,,POINT (-73.952830000001 40.6608500000032),,,
New York,10,WEATHER CLOSURE 1/29: Inwood Greenmarket,40.870106,Seaman Ave and Isham St (N corner),-73.920792,park-cemetery-etc-Manhattan,"Not accepted: meat, bones, or dairy",43,Saturdays 8:00 AM - 12:00PM,Year Round,GrowNYC,https://www.grownyc.org/greenmarket/manhattan/inwood,112,,POINT (-73.9207920000009 40.8701060000032),,,
Kings,48,Kings Highway and East 16th Street,40.60927,"Kings Highway and East 16th Street, northeast corner",-73.9573422,Madison,"Not accepted: meat, bones, or dairy",175,Wednesdays 10 AM - 2 PM,Year Round,NYC Compost Project Hosted by LES Ecology Center,https://www.lesecologycenter.org/programs/compost/compost-drop-off-locations/,315,,POINT (-73.957342200001 40.6092700000032),,,
New York,9,134th Street Farm,40.8138017,118 W 134th St,-73.9428691,Central Harlem North-Polo Grounds,"Not accepted: meat, bones, or dairy",116,24/7,Year Round,Harlem Grown,www.harlemgrown.org/volunteer,110,226,POINT (-73.9428691000009 40.8138017000032),32,1019180046,1000000
Queens,26,Woodside Sunnyside Composting,40.75013,"38-63-38-1 50th St, Woodside, NY 11377",-73.91369,Hunters Point-Sunnyside-West Maspeth,,11,"Sundays	2:00 PM-5:00 PM (Switches to 4:00 PM Fall, Winter)",Year Round,Volunteers at Woodside Sunnyside Composting,https://www.woodsidesunnysidecomposting.org/,402,,POINT (-73.913690000001 40.7501300000032),,,
Kings,35,Crown Heights Franklin Ave Food Scrap Drop-off,40.670745,Franklin Avenue & Eastern Parkway,-73.957743,Crown Heights North,"No meat, fish, or Dairy. No BPI-Certified Plastic Products.",143,"Thursdays, 8:30-11:30AM",Year Round,GrowNYC,https://www.grownyc.org/compost,308,,POINT (-73.9577430000009 40.6707450000032),,,
Queens,29,Kew Gardens CSA,40.70888,"Kew Gardens Cinemas Park  Austin St. off of Lefferts Blvd Queens, NY 11415",-73.82917,Kew Gardens,"Not accepted: meat, bones, or dairy",111,Sunday 8:30 AM - 11:30 AM,Year Round,"Kew Gardens CSA, sponsored by Kew Gardens Cinemas",kewgardenscsa.org,409,,POINT (-73.829170000001 40.7088800000032),,,
New York,1,Governors Island Zero Waste Stations,40.691403,Several locations throughout Governors Island,-74.019696,park-cemetery-etc-Manhattan,Accepted: All organics except pet waste,52,Check ferry schedule,Year Round,NYC Compost Project Hosted by Earth Matter NY,,101,,POINT (-74.019696000001 40.6914030000032),,,
New York,6,Tucker Square Thursday Greenmarket,40.773404,66th St and Columbus Ave.,-73.981848,Lincoln Square,"No Meat, Fish, and Dairy No BPI-Certified Compostable Plastic Products.",199,"Thursdays, 8:00 - 11:00 AM",Year Round,GrowNYC,grownyc.org/compost,107,149,POINT (-73.981848000001 40.7734040000032),20,,
Kings,34,BK Rot,40.697694,"1309 Dekalb Ave, Brooklyn, NY 11221 (Know Waste Lands Community Garden)",-73.925806,Bushwick South,"Not accpepted: meat, dairy, oil, or pet waste",20,Sundays 12:00PM - 3:00PM,Year Round,BK Rot,BKrot.org,304,,POINT (-73.925806000001 40.6976940000032),,,
Kings,34,Farm To People,40.7054315,"1100 Flushing Ave, Brooklyn, NY 11237",-73.9269348,Bushwick North,"No meat, dairy, fish. No BPI certified products.",155,"Sundays 9AM-1PM, Mondays 1PM - 7PM",Year Round,Farm to People,,301,,POINT (-73.926934800001 40.7054315000032),,,
New York,3,Hudson River Park's Pier 84 at W. 44th St.,40.76346,Pier 84 at W. 44th St. near dog park,-74.00025,Clinton,"Not accepted: meat, bones, or dairy",39,Every day 7:00 am - 7:00 pm,Year Round,Staff at Hudson River Park,https://hudsonriverpark.org/the-park/sustainability/community-compost-program/,104,,POINT (-74.0002500000009 40.7634600000032),,,
Bronx,17,Mary Mitchell Family & Youth Center,40.844901,"2007 Mapes Ave, Bronx, NY 10460",-73.887287,East Tremont,"Not accepted: meat, bones, dairy",67,Mondays - Fridays 9:00AM - 5:00PM,Year Round,Mary Mitchell Family & Youth Center,http://themarymitchellfyc.org/,206,,POINT (-73.887287000001 40.8449010000032),,,
Richmond,49,Olivet Heavenly Harvest,40.63034,"97 Myrtle Avenue, Staten Island, NY",-74.11616,New Brighton-Silver Lake,"Not accepted: grains, bread, meat, or dairy",99,Saturdays 10:00AM - 2:00PM,Year Round,Olivet Heavenly Harvest,olivetheavenlyharvest.com,501,,POINT (-74.116160000001 40.6303400000032),,,
New York,9,Abyssinian Tot Lot,40.817313,"130 W 139th St, New York, NY 10030",-73.940812,Central Harlem North-Polo Grounds,"Not accepted: meat, bones, or dairy. Closed on all federal holidays. Drop off directly in the pallet compost bin inside the garden.",84,Tuesdays and Thursdays 9:00AM - 5:00PM,Year Round,Plant Group,www.plantgroupnyc.com,110,,POINT (-73.9408120000009 40.8173130000032),,,
Kings,47,Avenue X at West Street,40.590444,"SW corner of Avenue X and West Street, in front of Rite Aide, across from P.S.216",-73.970333,Gravesend,"Not accepted: meat, bones, or dairy",131,Wednesdays 10 AM - 2 PM,Year Round,NYC Compost Project Hosted by LES Ecology Center,https://www.lesecologycenter.org/programs/compost/compost-drop-off-locations/,315,,POINT (-73.970333000001 40.5904440000032),,,
Bronx,11,WEATHER CLOSURE 1/31: Lehman College,40.873838,"Gate 8: Bedford Park Blvd West & Paul Ave Bronx, NY 10468",-73.895344,Van Cortlandt Village,No drop-offs on Holidays when campus is closed,15,Mondays 9:00AM - 12:00PM,Year Round,Volunteers at Lehman College,,207,,POINT (-73.895344000001 40.8738380000032),,,
Kings,38,CLOSED 1/29: 7th Ave Sunset Park Greenmarket,40.646152,7th Ave & 44th St,-74.002213,Sunset Park East,"No Meat, Fish, and Dairy, or BPI-Certified Compostable Plastic Products.",191,Saturdays 8:00 AM 12:00 PM,Year Round,GrowNYC,grownyc.org/compost,307,,POINT (-74.002213000001 40.6461520000032),,,
Kings,42,Abib Newborn Learning Garden,40.6595266,"495 Osborn St, Brooklyn, NY 11212",-73.90591,Brownsville,"Not accepted: meat, bones, or dairy",112,Summer (July-August) Monday - Friday (9am - 4pm) Sunday (10am -2pm) 2 Saturdays a month (1-3pm),Year Round,Volunteers at Abib Newborn Learning Garden,https://cityparksfoundation.org/learning-gardens/,316,,POINT (-73.905910000001 40.6595266000032),,,
,1,Hudson River Park's Pier 25 at N. Moore St.,40.7202214,Pier 25 at N. Moore St. near kid's playground,-74.0130151,SoHo-TriBeCa-Civic Center-Little Italy,"Not accepted: meat, bones, or dairy",35,Every day 7:00AM - 7:00PM,Year Round,Staff at Hudson River Park,https://hudsonriverpark.org/the-park/sustainability/community-compost-program/,101,,POINT (-74.013015100001 40.7202214000032),,,
New York,4,Dag Hammarskjold Plaza Greenmarket,40.752606,E 47th St & 2nd Ave,-73.969036,Turtle Bay-East Midtown,No meat. No BPI Products.,195,Wednesdays 8:00 AM to 12:30 PM,Year Round,GrowNYC,grownyc.org/compost,106,,POINT (-73.969036000001 40.7526060000032),,,
Kings,33,Vinegar Hill Community Garden,40.701501,"199 York St, Brooklyn, NY 11201",-73.98263,DUMBO-Vinegar Hill-Downtown Brooklyn-Boerum Hill,"Not accepted: meat, bones, or dairy",79,Sundays 11:00AM - 2:00PM,Year Round,Members of Vinegar Hill Community Garden,https://groundcycle.org/,302,,POINT (-73.982630000001 40.7015010000032),,,
New York,8,Uptown Grand Central Fresh Food Box,40.8049824,"Uptown Grand Central Plaza  Park Ave &, E 125th St, Manhattan, NY 10035",-73.9390315,East Harlem North,,167,"Wednesdays, 2 PM - 7 PM",Year Round,Uptown Grand Central,,111,,POINT (-73.939031500001 40.8049824000032),,,
Queens,22,Astoria Pug: Hoyt,40.77538,"Northwest corner of Hoyt Avenue North and 21st Street, in a courtyard that?s officially called SITTING AREA",-73.92302,Steinway,"Not accepted: meat, bones, or dairy",74,Saturdays 9:00AM - 3:00PM,Year Round,Astoria Pug,https://www.instagram.com/astoriapug/?hl=en,401,,POINT (-73.923020000001 40.7753800000032),,,
Richmond,51,CLOSED FOR THE SEASON: Staten Island Mall Greenmarket,40.583757,"Staten Island Mall, Marsh Ave & Ring Rd, Staten Island, NY 10314",-74.161931,Todt Hill-Emerson Hill-Heartland Village-Lighthouse Hill,"No meat, bones, or dairy accepted.",135,"Saturdays, 8:30am-1pm",Spring-Dec 18 2021,GrowNYC,grownyc.org/compost,502,,POINT (-74.161931000001 40.5837570000032),,,
Bronx,11,Praxis Housing,40.89683,4339 White Plains Road,-73.85594,Woodlawn-Wakefield,"Not accepted: meat, bones, or dairy. Enter through rear gate to drop off food scraps in brown bins",80,Fridays 9:00AM - 1:00PM,Year Round,Staff at Praxis Housing,https://www.praxishousing.org,212,418,POINT (-73.855940000001 40.8968300000032),47,2050390007,2118535
New York,7,Jenny's Garden,40.823225,699 West 138th Street,-73.95617,Hamilton Heights,WEATHER PERMITTING! Check IG/FB for weekend updates.  Please DO NOT leave bags of food scraps by gate when the garden is closed.  Remember to remove produce stickers.,103,Saturdays 11:00AM - 1:00PM,Year Round,Jenny's Garden,https://www.instagram.com/jennysgarden138/,109,225,POINT (-73.956170000001 40.8232250000032),30,,
Kings,40,Rogers/Tilden/Veronica Place Garden,40.6472062,"2601 - 2603 Tilden Avenue, Brooklyn 11226",-73.9526235,Erasmus,,206,Saturdays 10AM-12PM,Year Round,Rogers/Tilden/Veronica Place Garden,,317,,POINT (-73.952623500001 40.6472062000032),,,
Queens,22,Hellgate Farm,40.7690324,"14-33 30th Drive, Long Island City, NY 11102",-73.9298265,Old Astoria,,3,"December-February: Saturdays & Sundays, 08:00 AM-08:00 PM;",Year Round,Staff at Hellgate Farm,https://www.hellgatefarm.com/,401,,POINT (-73.9298265000009 40.7690324000032),,,
Kings,36,WEATHER CLOSURE 1/29: Bed Stuy Fresh Food Box,40.68133,Decatur St and Lewis Ave,-73.93481,Stuyvesant Heights,"Not accepted: meat, bones, or dairy",42,Saturdays 11:00AM - 3:00PM,Year Round,GrowNYC,https://www.grownyc.org/foodbox/Bed-Stuy,303,273,POINT (-73.934810000001 40.6813300000032),81,,
Kings,38,18th Avenue at 64th Street,40.6200069,west of 18th Avenue between 64th Street and 63rd Street,-73.9894525,Bensonhurst West,,176,Tuesdays	10:00 AM	2:00 PM,Year Round,NYC  Compost Project Hosted by LES Ecology Center,https://www.lesecologycenter.org/programs/compost/compost-drop-off-locations/ NYC,311,,POINT (-73.989452500001 40.6200069000032),,,
Kings,44,Bay Parkway at 66th Street,40.613046,east of Bay Parkway between 66th Street & West 8th Street,-73.982115,Bensonhurst East,,174,Tuesdays	10:00 AM- 2:00 PM,Year Round,NYC Compost Project Hosted by LES Ecology Center,https://www.lesecologycenter.org/programs/compost/compost-drop-off-locations/,311,,POINT (-73.982115000001 40.6130460000032),,,
Kings,40,Cortelyou Greenmarket,40.641438,Argyle Rd and Cortelyou Rd,-73.966333,Flatbush,"Not accepted: meat, bones, or dairy",60,Sundays 9:00AM - 1:00PM,Year Round,GrowNYC,,314,520,POINT (-73.966333000001 40.6414380000032),70,,
Richmond,51,Rossville,40.530764,Gladwin St and Pitney Ave,-74.222539,Charleston-Richmond Valley-Tottenville,"Not accepted: meat, bones, or dairy",163,Mondays 12 PM - 2 PM,Year Round,Snug Harbor Youth,https://snug-harbor.org/,503,226,POINT (-74.222539000001 40.5307640000032),123,,
Richmond,49,Compost Demonstration Site at Snug Harbor Cultural Center & Botanical Garden,40.641619,Compost Demonstration Site at Snug Harbor Cultural Center & Botanical Garden 1000 Richmond Terrace,-74.1012686,West New Brighton-New Brighton-St. George,,47,Thursdays 9:00AM - 2:30PM,Year Round,NYC Compost Project Hosted by Snug Harbor Cultural Center & Botanical Garden,Snug Harbor Cultural Center & Botanical Garden,501,,POINT (-74.101268600001 40.6416190000032),,,
Kings,33,WEATHER CLOSURE 1/29: Brooklyn Borough Hall Saturday Greenmarket,40.69378,Court St and Montague St,-73.990287,DUMBO-Vinegar Hill-Downtown Brooklyn-Boerum Hill,"No meat, fish, dairy. No BPI-Certified Products.",144,"Saturdays, 8:00AM-12:00PM",Year Round,GrowNYC,https://www.grownyc.org/compost,302,9,POINT (-73.990287000001 40.6937800000032),84,,
New York,2,1st Ave and  1st St,40.723183,First Avenue between Houston and First Street (West Side),-73.988622,East Village,"Not accepted: meat, bones, or dairy",28,Mondays 9:00AM - 2:00PM,Year Round,NYC Compost Project Hosted by LES Ecology Center,https://www.lesecologycenter.org/programs/compost/compost-drop-off-locations/,103,,POINT (-73.988622000001 40.7231830000032),,,
New York,3,Hudson River Park Pier 96 Boathouse at W 55 St,40.771,Park Pier 96 Boathouse at W 55 St,-73.995372,Clinton,"Not accepted: meat, bones, or dairy",59,Every day 7:00AM - 7:00PM,Year Round,Staff at Hudson River Park,https://hudsonriverpark.org/the-park/sustainability/community-compost-program/,104,,POINT (-73.995372000001 40.7710000000032),,,
New York,3,6th Ave & Spring St,40.7256282,6th Avenue & Spring Street -NE Corner,-74.003866,SoHo-TriBeCa-Civic Center-Little Italy,"Not accepted: Meat, bones, or dairy",32,Wednesdays 9:00AM - 2:00PM,Year Round,NYC Compost Project Hosted by LES Ecology Center,https://www.lesecologycenter.org/programs/compost/compost-drop-off-locations/,102,,POINT (-74.003866000001 40.7256282000032),,,
Bronx,8,Friends of Brook Park Community Garden,40.8097074,"494 E 141st St, The Bronx, NY 10454",-73.9185797,Mott Haven-Port Morris,,17,Saturdays & Sundays from 10:00AM - 4:00PM,Year Round,Volunteers at Friends of Brook Park Community Garden,,201,,POINT (-73.918579700001 40.8097074000032),,,
Bronx,17,Montefiore's Bronx Health Collective Fresh Food Box,40.820667,871 Prospect Ave,-73.901845,Morrisania-Melrose,No meat. No BPI-certified Products.,186,Fridays	11:00 AM - 2:00 PM,Year Round,GrowNYC,grownyc.org/compost,203,133,POINT (-73.901845000001 40.8206670000032),42,2026770090,2005014
Richmond,50,Midland Beach,40.575904,Bedford Ave and Mason Ave,-74.09677,New Dorp-Midland Beach,,164,"Wednesdays, 3:30-5PM",Year Round,Snug Harbor Youth,snug-harbor.org/,502,11202,POINT (-74.0967700000009 40.5759040000032),122,,
Kings,47,Bensonhurst Food Scrap Drop-off,40.609644,18th Ave & 81st St,-73.999683,Bensonhurst West,"No meat, fish, dairy. No BPI Certified Products.",149,"Sundays, 9:00AM-1:00PM",Year Round,GrowNYC,grownyc.org/compost,311,,POINT (-73.999683000001 40.6096440000032),,,
Richmond,49,WEATHER CLOSURE 1/29: St. George Greenmarket,40.641967,St. Marks Pl and Hyatt St,-74.077928,West New Brighton-New Brighton-St. George,"Not accepted: meat, bones, or dairy",90,Saturdays 8:00AM - 12:00PM,Year Round,NYC Compost Project Hosted by Snug Harbor Cultural Center & Botanical Garden,https://snug-harbor.org/compost/,501,3,POINT (-74.077928000001 40.6419670000032),120,,
Kings,41,CLOSED FOR THE SEASON: Iso Student Farm,40.6674207,"514 Rockaway Avenue, Brooklyn, NY 11212",-73.9102833,Brownsville,,4,Fridays and Saturdays 9:00 AM-1:00 PM,"Seasonal, April-October",Volunteers at Isabahlia LOE Foundation,http://www.isabahlialoeinc.org,316,,POINT (-73.910283300001 40.6674207000032),,,
Bronx,8,Mott Haven Food Scrap Drop-off,40.809894,545 East 142nd Street,-73.915999,Mott Haven-Port Morris,"Not accepted: meat, bones, or dairy",181,Wednesdays 9 AM - 12 PM,Year Round,GrowNYC,grownyc.org/compost,201,41,POINT (-73.9159990000009 40.8098940000032),40,2022690021,2090354
Queens,26,The Connected Chef,40.74387,49-09 5th Street and 49th Avenue,-73.9562,Hunters Point-Sunnyside-West Maspeth,"No meat, dairy, or fish.",137,Fridays and Saturdays 9 AM - 2 PM,Year Round,The Connected Chef,theconnectedchef.org,402,,POINT (-73.956200000001 40.7438700000032),,,
Bronx,14,New Beginnings Community Garden,40.864176,2502 Davidson Ave,-73.900932,Kingsbridge Heights,No meat. No BPI Products.,196,Saturday + Sunday 2-5pm,January-December,New Beginnings Community Garden,,207,265,POINT (-73.900932000001 40.8641760000032),52,2032010001,2000000
Queens,22,Astoria Pug: 41st Street,40.7724122,Ditmars Boulevard and 41st Street,-73.9053388,Steinway,"No meat, dairy, fish. No BPI-certified products.",154,"Mondays, 8AM-11AM",Year Round,Astoria Pug,,401,119,POINT (-73.905338800001 40.7724122000032),114,,
New York,2,Tompkins Square Greenmarket,40.725995,"E 7th St & Avenue A, New York, NY 10009",-73.983207,East Village,"Not accepted: meat, bones, or dairy",64,Sundays 8:00AM - 5:00PM,Year Round,NYC Compost Project Hosted by LES Ecology Center,https://www.lesecologycenter.org/programs/compost/compost-drop-off-locations/,103,,POINT (-73.983207000001 40.7259950000032),,,
Kings,35,Crown Heights Farmstand,40.664616,Nostrand Ave & Sullivan Pl,-73.950915,Crown Heights South,"Not accepted: meat, bones, or dairy",159,"Fridays, 9 AM - 2PM",Year Round,GrowNYC,grownyc.org/compost,309,,POINT (-73.950915000001 40.6646160000032),,,
Bronx,11,Keepers House Edible Garden,40.87896,3400 Reservoir Oval East,-73.87585,Norwood,"Not accepted: meat, bones, or dairy",27,Every day 9:00AM - 8:00PM,Year Round,Keepers House Edible Garden,www.mpcbronx.org,207,423,POINT (-73.875850000001 40.8789600000032),52,2033430185,2018218
Bronx,15,CLOSED FOR THE SEASON: Garden of Happiness,40.848613,"2144F Prospect Ave, The Bronx, NY 10460",-73.884999,East Tremont,"Not accepted: Meat, bones, or dairy. Bin will be placed near the front entrance a mask must be worn when entering the Garden.",122,Closed for Season,Closed for Season,Volunteers at Garden of Happiness,http://www.lafamiliaverde.org/,206,,POINT (-73.8849990000009 40.8486130000032),,,
New York,6,79th St. Greenmarket,40.780087,77th Street between Columbus Ave and Central Park West,-73.974657,Upper West Side,"Not accepted: meat, bones, or dairy",49,Sundays 9:00AM - 3:00PM,Year Round,GrowNYC,,107,,POINT (-73.974657000001 40.7800870000032),,,
,39,WEATHER CLOSURE 1/30: Nurture BK,40.654917,"Prospect Park, West of the entrance on Parkside Av (& Ocean Av)",-73.962083,park-cemetery-etc-Brooklyn,"Not accepted: Meat, bones, dairy, or oil",21,Sundays 9:00AM - 11:00AM,Year Round,Nurture BK,https://www.instagram.com/nurturebk_compost/,355,,POINT (-73.9620830000009 40.6549170000032),,,
New York,3,Hudson River Park's Pier 40 at W. Houston St.,40.7298117,Pier 40 at Houston St. near dog park,-74.0110087,West Village,"Not accepted: meat, bones, or dairy.",36,Every day 7:00AM - 7:00PM,Year Round,Staff at Hudson River Park,https://hudsonriverpark.org/the-park/sustainability/community-compost-program/,102,69,POINT (-74.011008700001 40.7298117000032),6,1006560001,1000000
Queens,24,King Manor Museum,40.70216,"150-03 Jamaica Ave, Jamaica, NY 11432",-73.80445,Jamaica,"Not accepted: meat, bones, or dairy.",95,Fridays 10:00AM - 4:00PM; Saturdays 9:30AM - 2:30PM,Year Round,King Manor Museum,https://www.kingmanor.org/,412,,POINT (-73.804450000001 40.7021600000032),,,
Bronx,11,CLOSED FOR THE SEASON: James Baldwin Outdoor Learning Center,40.88207,"100 W Mosholu Pkwy S, The Bronx, NY 10468",-73.88825,Van Cortlandt Village,Site entrance is on the Goulden Ave side of campus,127,Saturdays 10 am - 2 pm,Spring - Fall,Volunteers at James Baldwin Outdoor Learning Center,https://www.jamesbaldwinoutdoorlearningcenter.org/,207,,POINT (-73.888250000001 40.8820700000032),,,
Kings,41,CLOSED FOR THE SEASON: Farmers Garden,40.67465,1899 Bergen Street,-73.91823,Ocean Hill,"Not accepted: meat, bones, or dairy",132,CLOSED FOR SEASON,CLOSED FOR SEASON,Volunteers at Farmers Garden,,316,303,POINT (-73.9182300000009 40.6746500000032),73,3014460063,3000000
New York,10,181st Street Food Scrap Drop-off,40.850947,"W 181st St & Fort Washington Ave, New York, NY 10033",-73.938068,Washington Heights North,"No Meat, Fish, and Dairy. No BPI-Certified Compostable Plastic Products.",201,"Thursday, 7:00AM-12:30PM",Year Round,GrowNYC,grownyc.org/compost,112,,POINT (-73.938068000001 40.8509470000032),,,
Richmond,51,Arden Heights,40.556014,Arden Avenue and Forest Green,-74.194626,Arden Heights,"Not accepted: meat, bones, or dairy,",169,"Sundays, 9:00 - 10:30 AM",Year Round,Snug Harbor Youth Volunteers,https://snug-harbor.org/,503,17007,POINT (-74.194626000001 40.5560140000032),123,,
New York,1,Battery Park City Authority Rockefeller Park,40.7183877,Lower level downstairs at corner of Chambers St and River Terrace,-74.0148782,Battery Park City-Lower Manhattan,"Not accepted: cooked foods, bread, grains, meat, or dairy",110,24/7,Year Round,Battery Park City Authority,https://bpca.ny.gov/nature-and-sustainability/sustainability/,101,,POINT (-74.014878200001 40.7183877000032),,,
Bronx,11,CLOSED FOR THE SEASON: Riverdale Y Sunday Market,40.8918241,4545 Independence Ave,-73.912916,North Riverdale-Fieldston-Riverdale,"Not accepted: meat, bones, or dairy",105,Sundays 11:30 AM - 12:30PM,April - December,Riverdale Y Sunday Market Volunteers,,208,309,POINT (-73.9129160000009 40.8918241000032),50,2059200456,2088698
Bronx,15,CLOSED FOR THE SEASON: Garden of Youth,40.849329,"Corner of 182 St and Prospect Ave, Bronx, NY 10457",-73.885159,East Tremont,"Not accepted: meat, bones, dairy. Bin will be placed at the side entrance on 182nd. Mask must be worn when entering the garden.",68,Closed for Season,Closed for Season,Volunteers at Garden of Youth,,206,,POINT (-73.885159000001 40.8493290000032),,,
Bronx,13,Einstein Community Garden,40.8532261,Near 1975 Eastchester Road,-73.8434618,Pelham Parkway,"Drop items inside the blue barrel located in the garden. Remove all plastic, stickers, & ties. before dropping off food scraps. Not accepted: grains, meat, bones, or dairy.",117,Wednesdays 4 PM - 5 PM,Year Round,Volunteers at Einstein Community Garden,,211,296,POINT (-73.8434618000009 40.8532261000032),49,2042050002,2102976
Kings,35,Prospect Heights Food Scrap Drop-off Site,40.67741,Park Place & Carlton Ave,-73.972226,Prospect Heights,"No Meat, Bones, Dairy. No BPI-Certified Plastic Products.",142,"Thursdays, 8-11AM",Year Round,GrowNYC,https://www.grownyc.org/compost,308,,POINT (-73.972226000001 40.6774100000032),,,
Kings,34,Sure We Can,40.705441,"219 McKibben Street, Brooklyn, NY 11206",-73.93882,Bushwick South,"Not accepted: Meat, bones, dairy, or oil",53,Mondays - Fridays 7:00AM - 5:00PM; Saturdays 7:00AM - 1:00PM,Year Round,Sure We Can,http://www.surewecan.org/composting,301,,POINT (-73.938820000001 40.7054410000032),,,
New York,2,WEATHER CLOSURE 1/29: Union Square Greenmarket,40.73661,"E 17th St & Union Square E, New York, NY",-73.9893,Hudson Yards-Chelsea-Flatiron-Union Square,"Not accepted: meat, bones, or dairy",10,"Mondays, Wednesdays, Fridays, & Saturdays, 8:00 AM-5:00 PM",Year Round,NYC Compost Project Hosted by LES Ecology Center,https://www.lesecologycenter.org/programs/compost/compost-drop-off-locations/,105,,POINT (-73.989300000001 40.7366100000032),,,
New York,7,Frank White Memorial Garden,40.824235,"506 West 143rd Street, New York, NY 10031",-73.9500017,Hamilton Heights,Garden staff will be available for questions or concerns from 10am-6pm.,100,24/7,Year Round,Brotherhood Sister Sol,www.brotherhood-sistersol.org,109,,POINT (-73.950001700001 40.8242350000032),,,
Queens,25,CLOSED FOR THE SEASON: Farm Spot CSA,40.754004,33-50 82nd street,-73.885483,Jackson Heights,"Not Accepted: meat, bones, or dairy",78,Thursdays 5:30PM - 8:30PM,May 1 - November 18,Volunteers at Farm Spot,Farmspot.org,403,283,POINT (-73.885483000001 40.7540040000032),115,4012540032,4028776
Queens,29,The Compost Collective,40.71645,"The corner of Yellowstone Blvd, and Kessel Street Forest Hills, NY 11375",-73.85778,Rego Park,"Not accepted: meat, bones, or dairy",73,Saturdays 12:00PM - 2:00PM,Year Round (Except February),The Compost Collective,https://www.facebook.com/pg/thecompostcollective/about/?ref=page_internal,406,,POINT (-73.8577800000009 40.7164500000032),,,
Bronx,16,BronxWorks Carolyn McLaughlin Community Center,40.83268,"1130 Grand Concourse, Bronx, NY 10456",-73.918805,East Concourse-Concourse Village,"No Meat, Fish, and Dairy. No BPI-Certified Compostable Plastic Products.",205,"Thursdays, 10AM-1PM",Year Round,GrowNYC,grownyc.org/compost,204,,POINT (-73.918805000001 40.8326800000032),,,
Queens,25,Jackson Heights Greenmarket,40.753687,79th St and Northern Blvd,-73.886999,Jackson Heights,"Not accepted: meat, bones, or dairy",128,Sundays 9:00AM - 1:00PM,Year Round,GrowNYC,,403,285,POINT (-73.8869990000009 40.7536870000032),115,,
Bronx,15,Fordham Plaza Food Scrap Drop-off,40.861152,E Fordham Rd between Webster Ave & Third Ave,-73.890783,Claremont-Bathgate,"Not accepted: meat, bones, or dairy",41,Fridays 8:00 AM - 11:30 AM,Year Round,GrowNYC,https://www.grownyc.org/greenmarket/bronx/fordham,206,,POINT (-73.8907830000009 40.8611520000032),,,
Kings,39,Albemarle Road and McDonald Avenue,40.644969,"southwest corner of McDonald Avenue and Albemarle Road, near Church Avenue F subway entrance",-73.980005,Kensington-Ocean Parkway,,173,Tuesdays 10AM-2PM,Year Round,NYC Compost Project Hosted by LES Ecology Center,https://www.lesecologycenter.org/programs/compost/compost-drop-off-locations/,312,,POINT (-73.980005000001 40.6449690000032),,,
Bronx,11,Spuyten Duyvil PreSchool,40.879247,3041 Kingsbridge Avenue,-73.90727,Spuyten Duyvil-Kingsbridge,"Remove all plastic, stickers and zip ties before dropping off food scraps",197,Fridays 8 AM - 12 PM,September - June,Spuyten Duyvil PreSchool,www.spuytenduyvilpreschool.org,208,289,POINT (-73.907270000001 40.8792470000032),50,2057090046,2083194
New York,3,8th Ave & 23rd St,40.745331,"West 23rd Street at 8th Avenue, North side of W 23rd Street, just east of 8th Avenue",-73.998272,Hudson Yards-Chelsea-Flatiron-Union Square,"Not accepted: meat, bones, or dairy",46,Wednesdays 9:00AM - 2:00PM,Year Round,NYC Compost Project Hosted by LES Ecology Center,https://www.lesecologycenter.org/programs/compost/compost-drop-off-locations/,104,,POINT (-73.998272000001 40.7453310000032),,,
Kings,47,PS 90 Coney Island,40.5782545,"2840 W 12th Street, Brooklyn, NY 11224",-73.979703,West Brighton,"Not accepted: meat, bones, or dairy",96,Wednesdays 7:30 AM - 10:30 AM,Year Round,PS 90 Coney Island,,313,,POINT (-73.979703000001 40.5782545000032),,,
New York,7,97th Street Greenmarket,40.794717,W 97th St and Amsterdam Ave,-73.969552,Upper West Side,"Not accepted: meat, bones, or dairy",85,Fridays 8:00AM - 12:30 PM,Year Round,GrowNYC,https://www.grownyc.org/greenmarket/manhattan/west-97,107,181,POINT (-73.969552000001 40.7947170000032),24,,
Queens,26,Moore-Jackson Cemetery/Garden,40.756149,"31-61 51st St, Woodside, NY 11377",-73.907915,Woodside,"Not accepted: meat, bones, or dairy",14,Saturdays 9:00AM - 12:00PM,Year Round,Members at Moore-Jackson Garden,https://www.facebook.com/MooreJacksonNYC/,401,,POINT (-73.907915000001 40.7561490000032),,,
Bronx,17,Synergi Urban Farm 2.0,40.82914,"1211 Hoe Ave, Bronx, NY 10459",-73.89114,Morrisania-Melrose,"Not accepted: meat, bones, or dairy. Please chop and freeze your scraps when possible. Be prepared to empty your food  scraps into a bin. Try and bring your scraps in a brown paper bag instead of plastic.",63,Saturdays 1:00PM - 3:00PM,Year Round,GreenFeen OrganiX,https://www.facebook.com/holisticsynergi/,203,,POINT (-73.8911400000009 40.8291400000032),,,
Kings,37,Cypress Hills Food Scrap Drop-off,40.682299,Fulton St. between Richmond and Logan Sts (in front of Cypress Hills Senior Center),-73.876748,Cypress Hills-City Line,"Not accepted: meat, bones, or dairy",160,"Fridays,10:00 AM - 1:00 PM",Year Round,GrowNYC,www.grownyc.org/compost,305,,POINT (-73.876748000001 40.6822990000032),,,
New York,7,Columbia Sunday Greenmarket,40.807638,116th St & Broadway,-73.963963,Morningside Heights,"No Meat, dairy, fish. No BPI Certified Products.",145,"Sundays, 8:00AM-12:00PM",Year Round,GrowNYC,https://www.grownyc.org/compost,109,,POINT (-73.963963000001 40.8076380000032),,,
Kings,37,Aberdeen Community Garden,40.6840598,"91 Aberdeen St, Brooklyn, 11207",-73.9050492,park-cemetery-etc-Brooklyn,No meat or BPI Products.,190,Sundays 2-5PM (March-Nov.)\ 1-4PM (Dec.-Feb.),Year Round (Seasonal hours),BK Rot,www.bkrot.org,304,,POINT (-73.905049200001 40.6840598000032),,,
New York,3,Hudson River Park Pier 66 at W 26 St,40.752222,Pier 66 at W 26 St,-74.008278,Hudson Yards-Chelsea-Flatiron-Union Square,"Not accepted: meat, bones, or dairy",58,Every day 7:00AM - 7:00PM,Year Round,Staff at Hudson River Park,https://hudsonriverpark.org/the-park/sustainability/community-compost-program/,104,,POINT (-74.008278000001 40.7522220000032),,,
New York,4,St. Vartan Park,40.745061,St. Vartan Park  Near the 1st Ave. & E 36th St. entrance,-73.973126,Murray Hill-Kips Bay,"Visit bit.ly/StVartanCompost or email CompostStVartan@gmail.com to volunteer. Not accepted: meat, bones, or dairy",113,Saturdays 10 AM - 4 PM,Year Round,Alliance for Kips Bay with PS281 Green Team and PS116 PTA,bit.ly/StVartanCompost,106,,POINT (-73.973126000001 40.7450610000032),,,
Kings,39,WEATHER CLOSURE 1/30: Big Reuse Warehouse,40.672077,"1 12th Street, Brooklyn NY",-73.996401,Park Slope-Gowanus,"Not accepted: meat, bones, or dairy",158,Sundays 10 am - 3 pm,Year Round,NYC Compost Project Hosted by Big Reuse,bigreuse.org,306,,POINT (-73.9964010000009 40.6720770000032),,,
Kings,33,WEATHER CLOSURE 1/30: Transmitter Park Drop-Off,40.7296982,2 Greenpoint Ave and West Street,-73.9601997,Greenpoint,"No meat, dairy, fish. No BPI Plastic Products accepted.",141,"Sunday, 11:30AM-1:00PM",Year Round,North Brooklyn Compost Project,nbkcompost.org,301,,POINT (-73.960199700001 40.7296982000032),,,
Kings,33,Domino Park,40.714448,"15 River Street Brooklyn, NY 11249",-73.968049,North Side-South Side,"Accepting fruit, vegetables, Gound coffee, and bread. Currently not accepting fish & meat, citrus, compostable cutlery, sauces & oils.",9,"Mondays 10:00 AM-12:00 PM, Thursdays 6:00 PM-8:00 PM",Year Round,Staff at Domino Park,http://www.dominopark.com/,301,,POINT (-73.9680490000009 40.7144480000032),,,
Queens,22,Astoria Pug: Newtown,40.762667,"30-36 41st Street, Astoria, NY",-73.915111,Astoria,"Not accepted: meat, bones, or dairy",31,Fridays 10:00AM - 4:30PM,Year Round,Astoria Pug,https://www.instagram.com/astoriapug/?hl=en,401,149,POINT (-73.915111000001 40.7626670000032),114,4006810001,4011271
Bronx,11,Mediator's Composting Initiative,40.879849,"260 West 231 Street Bronx, NY 10463",-73.906856,Spuyten Duyvil-Kingsbridge,"Donation: 25 cents per pound. Drop off location is by Bx7, Bx10, BX1 bus stop.",26,Saturdays 10:00AM - 12:00PM,Year Round,The Earth Ministry of The Church of The Mediator,https://www.instagram.com/mediator_garden_and_composting/,208,,POINT (-73.9068560000009 40.8798490000032),,,
Kings,43,WEATHER CLOSURE 1/29: Bay Ridge Food Scrap Drop-off,40.6174,3rd Ave & 95th Street,-74.033703,Bay Ridge,"No Meat, Fish, and Dairy, or BPI-Certified Compostable Plastic Products.",192,Saturdays 8:00 AM 12:30 PM,Year Round,GrowNYC,grownyc.org/compost,310,,POINT (-74.033703000001 40.6174000000032),,,
Bronx,17,New Roots Community Farm,40.82135,"670 Grand Concourse, The Bronx, NY 10451",-73.92506,East Concourse-Concourse Village,"Not accepted: meat, bones, or dairy",81,Fridays 8:00AM - 12:00PM,Year Round,GrowNYC,grownyc.org/compost,204,,POINT (-73.925060000001 40.8213500000032),,,
Kings,48,Avenue U and East 16th Street,40.5988666,"Avenue U and East 16th Street, southeast corner",-73.9553874,Madison,"Not accepted: meat, bones, or dairy",177,Wednesdays 10 AM - 2 PM,Year Round,NYC Compost Project Hosted by LES Ecology Center,https://www.lesecologycenter.org/programs/compost/compost-drop-off-locations/,315,,POINT (-73.955387400001 40.5988666000032),,,
Kings,40,Q Gardens,40.649778,"58 E 18th St, Brooklyn, NY 11226",-73.963194,Flatbush,"Not accepted: meat, bones, dairy, or oil",54,Fridays + Saturdays all day; Sundays from dawn until 4:00PM,Year Round,Q Gardens,https://qgardenscf.com/places-to-drop-off-your-compost/,314,,POINT (-73.963194000001 40.6497780000032),,,
Queens,31,CLOSED FOR THE SEASON: Spring Thyme Farm,40.65914,224th Street 147th Avenue,-73.75745,Springfield Gardens South-Brookville,"No meat, fat, rice, grain, or pasta accepted.",136,Saturday 9:30am-2pm,April-October,St. Peter's Lutheran Church,themightystpeters.org,413,45,POINT (-73.7574500000009 40.6591400000032),114,4005290002,4467709
New York,3,Hudson River Park's 14th Street Park at 10th Ave.,40.742827,14th Street Park at southwest corner of 15th St. and 10th Ave,-74.0078384,Hudson Yards-Chelsea-Flatiron-Union Square,"Not accepted: meat, bones, or dairy",33,Every day 7:00 am - 7:00pm,Year Round,Staff at Hudson River Park,https://hudsonriverpark.org/the-park/sustainability/community-compost-program/,104,,POINT (-74.007838400001 40.7428270000032),,,
New York,3,Christopher Park,40.733536,"West 4th Street b/w Christopher St and Grove St., west side of Christopher Park",-74.002663,West Village,"Not accepted: meat, bones, or dairy",65,Wednesdays 9:00AM - 2:00PM,Year Round,NYC Compost Project Hosted by LES Ecology Center,https://www.lesecologycenter.org/programs/compost/compost-drop-off-locations/,102,,POINT (-74.002663000001 40.7335360000032),,,
New York,8,Maggie's Magic Garden,40.7889577,"1574 Lexington Ave, New York, NY 10029",-73.9492012,East Harlem South,"Not accepted: meat, bones, or dairy. BPI Certified Products. Dog and cat feces.",165,24/7,Year Round,Maggie's Magic Garden,,111,,POINT (-73.949201200001 40.7889577000032),,,
New York,1,Battery Park City Authority Headquarters,40.7067584,75 Battery Place,-74.0171557,Battery Park City-Lower Manhattan,"Not accepted: cooked foods, bread, grains, meat, or dairy",109,24/7,Year Round,Battery Park City Authority,https://bpca.ny.gov/nature-and-sustainability/sustainability/,101,31704,POINT (-74.017155700001 40.7067584000032),1,1000167517,1087842
Kings,42,CLOSED FOR THE SEASON: UCC Youth Farm,40.66547,613 New Lots Avenue,-73.88668,East New York,"Not accepted: meat, bones, or dairy",121,24/7,June - November,East New York Farms,https://ucceny.org/enyf/,305,1124,POINT (-73.886680000001 40.6654700000032),75,3040890025,3090717
Queens,26,JH Scraps,40.750278,"35-20 69th Street, Jackson Heights, NY 11372",-73.89678,Jackson Heights,,5,"Saturdays, 11:00 AM-01:00 PM",Year Round,Volunteers at JH Scraps,https://www.jhbg.org/2020/07/28/jh-scraps-reopens,402,,POINT (-73.896780000001 40.7502780000032),,,
Bronx,13,CLOSED FOR THE SEASON: The Garden at Preston,40.8139813,"2780 Schurz Ave, The Bronx, NY 10465 (Intersection of Schurz Avenue and Huntington Avenue)",-73.8190803,Schuylerville-Throgs Neck-Edgewater Park,"Not accepted: meat, bones, or dairy",104,Tuesdays 4 PM - 7 PM,Year Round,Northeast Bronx Farmers Market Project,https://www.facebook.com/northeastbronxcommunityfarmersmarket/,210,,POINT (-73.8190803000009 40.8139813000032),,,
New York,2,Corlears Hook Park,40.712164,"397 FDR Dr, New York, NY 10002 (Southeast corner of Cherry Street and Jackson Street)",-73.980547,Lower East Side,"Not accepted: meat, bones, or dairy",168,Thursdays 9 AM - 2 PM,Year Round,NYC Compost Project Hosted by LES Ecology Center,https://www.lesecologycenter.org/programs/compost/compost-drop-off-locations/,103,,POINT (-73.980547000001 40.7121640000032),,,
Kings,37,Moffat Street Community Garden,40.6843646,"9 Moffat St, Brooklyn, NY 11207",-73.9107326,Bushwick South,"No meat, fish, dairy. No BPI-certified Products.",182,Saturdays 10:30 AM - 12:30 PM,Year Round,Moffat St Community Garden,,304,,POINT (-73.910732600001 40.6843646000032),,,
Kings,39,Carroll Gardens Greenmarket,40.679954,Smith St and 1st Pl,-73.99517,Carroll Gardens-Columbia Street-Red Hook,"Not accepted: meat, bones, or dairy",50,Sundays 8:00AM - 12:00PM,Year Round,GrowNYC,,306,,POINT (-73.995170000001 40.6799540000032),,,
Queens,22,Astoria Pug: Broadway,40.761472,"32-11 31st St, Queens, NY 11106",-73.925611,Astoria,"Not accepted: meat, bones, dairy, or oil",22,Saturdays 9:00AM - 3:00PM,Year Round,Astoria Pug,https://www.instagram.com/astoriapug/?hl=en,401,,POINT (-73.9256110000009 40.7614720000032),,,
Queens,34,WEATHER CLOSURE 1/29: Ridgewood Food Scrap Drop-off,40.7003,Myrtle Ave & Cypress Ave,-73.906675,Ridgewood,No meat or BPI- Certified Products.,153,"Saturdays, 9:30AM-1:30PM",Year Round,GrowNYC,https://www.grownyc.org/compost,405,,POINT (-73.906675000001 40.7003000000032),,,
Queens,28,CLOSED FOR THE SEASON: Paradise Garden,40.69056,"107-31 Inwood St, Queens, NY 11435",-73.80395,South Jamaica,"Not accepted: meat, bones, or dairy",94,Saturdays 9:30 AM - 2:00PM,Year Round,Paradise Garden,,412,,POINT (-73.803950000001 40.6905600000032),,,
New York,3,Hudson River Park's Pier 51 at Horatio St.,40.738228,Pier 51 at Horatio St. near playground,-74.0104549,West Village,"Not accepted: meat, bones, or dairy",37,Every day 7:00AM - 7:00PM,Year Round,Staff at Hudson River Park,https://hudsonriverpark.org/the-park/sustainability/community-compost-program/,102,,POINT (-74.010454900001 40.7382280000032),,,
Bronx,15,CLOSED FOR THE SEASON: La Familia Verde Farmer's Market,40.846468,Tremont Ave between LaFontaine and Arthur Ave (Tremont Park),-73.894107,Claremont-Bathgate,"Not accepted: meat, bones, or dairy. Visit the Center Farm stand to drop off your food scraps.",69,Thursdays 8 AM - 2 PM,July- November 16 2021,Volunteers at La Familia Verde Farmers Market,http://www.lafamiliaverde.org/,206,,POINT (-73.894107000001 40.8464680000032),,,
Richmond,49,Venture House,40.634203,"1442 Castleton Avenue, 10302",-74.131071,Port Richmond,"Not accepted: meat, bones, or dairy",185,Fridays 10:30 AM - 2:30 PM,Year Round,Snug Harbor Youth,snug-harbor.org,501,207,POINT (-74.131071000001 40.6342030000032),121,5010300069,5106982
New York,9,145th St Food Scrap Drop-off,40.823692,145th St & Edgecombe Ave,-73.943764,Hamilton Heights,"No Meat, Fish, and Dairy. No BPI-Certified Compostable Plastic Products",200,"Thursdays, 7:30-12PM",Year Round,GrowNYC,grownyc.org/compost,110,,POINT (-73.943764000001 40.8236920000032),,,
Queens,26,45th Street Composters,40.746199,"41-12 45th Street (45th St & Skillman Ave, Queens, NY 11104)",-73.919118,Hunters Point-Sunnyside-West Maspeth,"Not accepted: meat, bones, or dairy",133,Sundays 10:30AM-1:00PM,Year Round,Volunteers at 45th Street Composters,https://linktr.ee/45thstreetcomposters,402,,POINT (-73.919118000001 40.7461990000032),,,
Queens,22,Astoria Pug: Most Precious Blood,40.75914,"32-23 36th St, Queens, NY 11106",-73.92146,Astoria,"Not accepted: meat, bones, dairy, or oil",89,24/7,Year Round,Astoria Pug,https://www.instagram.com/astoriapug/?hl=en,401,,POINT (-73.921460000001 40.7591400000032),,,
Kings,37,Wilson Ave Food Scrap Drop-off,40.688793,Wilson Ave & Moffat St (near L train),-73.904826,Bushwick South,"No meat, fish, dairy. No BPI Certified Products.",150,"Thursdays, 9AM-1PM",Year Round,GrowNYC,grownyc.org/compost,304,,POINT (-73.904826000001 40.6887930000032),,,
Kings,37,CLOSED FOR THE SEASON: Bushwick Grows! Community Garden,40.697523,"1474 Gates Ave, Brooklyn, NY 11237",-73.913913,Bushwick North,,1,"Saturdays, 10:00 AM-1:00 PM","Seasonal, May-November",Volunteers at Bushwick Grows!,https://www.riseboro.org,304,,POINT (-73.913913000001 40.6975230000032),,,
Bronx,11,CLOSED FOR THE SEASON: Van Cortlandt Park Alliance Farm Stand,40.884517,Orloff Avenue and Gale Place,-73.8898591,Van Cortlandt Village,"Remove all plastic, stickers and zip ties before dropping off food scraps. Not accepted: grains, dairy, or meat",126,Closed for the Season,Closed for the Season,Van Cortlandt Park Alliance,vancortlandt.org,208,281,POINT (-73.889859100001 40.8845170000032),50,,
New York,3,Hudson River Park Pier 46 at Charles St,40.734225,Pier 46 at Charles St,-74.010722,West Village,"Not accepted: meat, bones, or dairy",57,Every day 7:00AM - 7:00PM,Year Round,Staff at Hudson River Park,https://hudsonriverpark.org/the-park/sustainability/community-compost-program/,102,75,POINT (-74.010722000001 40.7342250000032),6,,
Kings,48,Brighton Beach Avenue and Ocean Parkway,40.576146381447835,Southeast corner of Brighton Beach Avenue and Ocean Parkway (Same corner as Big Bazaar Supermarket),-73.96819460245472,Brighton Beach,,172,Wednesday 10:00 AM- 2:00 PM,Year Round,NYC Compost Project Hosted by LES Ecology Center,https://www.lesecologycenter.org/programs/compost/compost-drop-off-locations/,313,,POINT (-73.968194602001 40.5761463810032),,,
Bronx,14,Kingsbridge Heights Community Center:,40.877299,"3101 Kingsbridge Terrace, Bronx NY 10463",-73.900709,Van Cortlandt Village,"There will be a wheelbarrow/table in the upper garden for collection. Not accepted: meat, bones, dairy, or grains.",40,Wednesdays 12:00PM - 2:00PM,Year Round,Staff at Kingsbridge Heights Community Center,www.khcc-nyc.org,208,,POINT (-73.9007090000009 40.8772990000032),,,
New York,1,Bowling Green Greenmarket,40.7046367,"Broadway at Battery Place, New York, NY 10004",-74.0137794,Battery Park City-Lower Manhattan,Accepted: All organics except pet waste,62,Tuesdays 8:00AM - 11:00 AM,Year Round,NYC Compost Project Hosted by Earth Matter NY,,101,,POINT (-74.013779400001 40.7046367000032),,,
Kings,48,Brighton Beach Avenue at Coney Island Avenue,40.5780034,"South of Brighton Beach Avenue, between Coney Island Avenue and Brighton 11th Street",-73.9591672,Brighton Beach,"Not accepted: meat, bones, or dairy",178,Wednesdays 10 AM - 2 PM,Year Round,NYC Compost Project Hosted by LES Ecology Center,https://www.lesecologycenter.org/programs/compost/compost-drop-off-locations/,313,,POINT (-73.959167200001 40.5780034000032),,,
Richmond,49,WEATHER CLOSURE 1/28: West Brighton,40.636758,Alaska Street and Henderson Avenue,-74.119727,West New Brighton-New Brighton-St. George,,157,Fridays 4:00 PM - 5:30 PM,Year Round,Snug Harbor Youth,snug-harbor.org,501,13301,POINT (-74.119727000001 40.6367580000032),120,,
New York,1,Governors Island Soissons Ferry Landing,40.69281,Adjacent to Soissons Landing and Taco Vista,-74.0148306,park-cemetery-etc-Manhattan,Accepted: All organics except pet waste,18,When the island is open to the public (Check ferry schedule),Year Round,NYC Compost Project Hosted by Earth Matter NY,www.earthmatter.org,101,,POINT (-74.014830600001 40.6928100000032),,,
New York,5,Roosevelt Island Farmers Market,40.761833,"543 Main St, New York, NY 10044 (Good Shepherd Plaza)",-73.950139,Lenox Hill-Roosevelt Island,"Not accepted: meat, bones, and dairy",25,Saturdays 9:00AM - 2:00PM,Year Round,Haki Compost Collective,https://www.instagram.com/hakicompost/,108,,POINT (-73.950139000001 40.7618330000032),,,
Kings,39,Old Stone House Brooklyn,40.6727118,"336 3rd St, Brooklyn, NY 11215",-73.984731,Park Slope-Gowanus,Meat and BPI certified items accepted.,189,"Everyday, 24/7",Year Round,Old Stone House Brooklyn,https://theoldstonehouse.org/,306,,POINT (-73.984731000001 40.6727118000032),,,
Kings,41,CLOSED FOR THE SEASON: Howard Garden,40.6636288,750 Howard Avenue,-73.9190362,Brownsville,"Not accepted: grains, bread, meat, bones, or dairy",101,Fridays 9:00AM - 10:00AM,April - October,Howard Garden,,316,892,POINT (-73.9190362000009 40.6636288000032),73,3035500043,3000000
Queens,29,Forest Hills Greenmarket,40.7218986,MacDonald Park: Queens Blvd and 70th Ave,-73.8463811,Forest Hills,,204,"Sundays, 9AM-1PM",Year Round,GrowNYC and the Forest Hills Green Team,grownyc.org/compost,406,,POINT (-73.846381100001 40.7218986000032),,,
Queens,26,Commuter Composting at 21 St-Queensbridge F,40.7536858,NW Corner of 21st street at 41st Ave,-73.9422838,Queensbridge-Ravenswood-Long Island City,"Not accepted: meat, bones, or dairy",82,Tuesdays 8:00AM - 11:00AM,Year Round,NYC Compost Project Hosted by Big Reuse,https://www.bigreuse.org/service/compost/,401,,POINT (-73.942283800001 40.7536858000032),,,
Queens,20,Queens Botanical Garden Public Food Scrap Drop-Off,40.75159,"Parking Garden at QBG 42-80 Crommelin Avenue, Flushing, NY 11355",-73.82981,Flushing,"Not accepted: meat, bones, or dairy",72,Every day 8:00AM - 5:00PM,Year Round,NYC Compost Project Hosted by Queens Botanical Garden,,407,,POINT (-73.8298100000009 40.7515900000032),,,
Kings,38,Rappaport Playground,40.636583,NW corner of Fort Hamilton Pkwy and 53rd Street,-74.000556,Borough Park,"Not accepted: meat, bones, or dairy",129,Tuesdays 10 AM - 2 PM,Year Round,NYC Compost Project Hosted by LES Ecology Center,https://www.lesecologycenter.org/programs/compost/compost-drop-off-locations/,312,,POINT (-74.000556000001 40.6365830000032),,,
Kings,35,CLOSED FOR THE SEASON: Walt L Shamel Community Garden,40.67744,"1097 Dean St, Brooklyn, NY 11216",-73.953657,Crown Heights North,"No potting soil, meat, or dairy",13,Saturdays and Sundays 12:00PM - 2:00PM,mid-March - end of January,Volunteers at Walt L. Shamel Community Garden,https://www.facebook.com/WaltLShamelCommunityGarden/,308,,POINT (-73.953657000001 40.6774400000032),,,
Kings,38,Los Colibríes Community Garden,40.6547305,"219 34th Street, Brooklyn 11232",-74.0018481,Sunset Park West,"Not accepted: meat, bones, dairy",114,Sundays 11 AM - 4 PM,Year Round,Los Colibríes Community Garden,https://www.facebook.com/jardin34/,307,,POINT (-74.001848100001 40.6547305000032),,,
Kings,45,WEATHER CLOSURE 1/29: Wyckoff Farmhouse Museum,40.64451,"5816 Clarendon Rd, Brooklyn, NY 11203",-73.92038,Rugby-Remsen Village,,77,"Everyday, Dawn-Dusk",Year Round (except February),Staff at Wyckoff Farmhouse Museum,Wyckoff Farmhouse Museum,317,,POINT (-73.920380000001 40.6445100000032),,,
Richmond,49,Grymes Hill Wagner College,40.613444,"1 Campus Rd, Staten Island, NY 10301",-74.095028,Grymes Hill-Clifton-Fox Hills,"Not accepted: grains, meat, or dairy",161,Tuesdays and Thursdays 2:30 PM - 4 PM,September - June,Wagner College,wagner.edu,501,,POINT (-74.095028000001 40.6134440000032),,,
Kings,39,WEATHER CLOSURE 1/29: Kensington Food Scrap Drop-off,40.645958,McDonald Ave & Albemarle Rd,-73.980102,Kensington-Ocean Parkway,"No Meat, Fish, and Dairy or BPI-Certified Compostable Plastic Products.",193,Saturdays 8:30 AM 11:30 AM,Year Round,GrowNYC,grownyc.org/compost,312,,POINT (-73.980102000001 40.6459580000032),,,
Kings,33,WEATHER CLOSURE 1/29: McCarren Park Greenmarket,40.71974,N 12th St and Driggs Ave,-73.953394,North Side-South Side,"Not accepted: meat, bones, or dairy",45,Saturdays 8:00AM - 12:00PM,Year Round,GrowNYC,https://www.grownyc.org/greenmarket/brooklyn/greenpoint-sa,301,515,POINT (-73.953394000001 40.7197400000032),94,,
Bronx,16,CLOSED FOR THE SEASON: New Settlement- 170 Farm Stand,40.840005,Corner of East 170th Street and Townsend Avenue,-73.916636,West Concourse,"Remove all plastic, stickers, and zip ties before dropping off food scraps",140,"Wednesday, 2:30-5:00pm",July 14th - November 24th,New Settlement's Community Food Action Program,www.newsettlement.org,204,,POINT (-73.916636000001 40.8400050000032),,,
Queens,26,WEATHER CLOSURE 1/29: Sunnyside Greenmarket,40.747109,Skillman Ave & 42nd St,-73.921961,Hunters Point-Sunnyside-West Maspeth,"No meat, fish, dairy. No BPI Certified Products.",146,"Saturdays, 9:00AM-1:00PM",Year Round,GrowNYC,https://www.grownyc.org/compost,402,,POINT (-73.9219610000009 40.7471090000032),,,
New York,1,East Broadway & Rutgers Street,40.714243,"East side of Rutgers St b/w East Broadway & Canal St, on the west side of Straus Sq",-73.990163,Lower East Side,"Not accepted: meat, bones, or dairy",30,Fridays 9:00AM - 2:00PM,Year Round,NYC Compost Project Hosted by LES Ecology Center,https://www.lesecologycenter.org/programs/compost/compost-drop-off-locations/,103,,POINT (-73.9901630000009 40.7142430000032),,,
Kings,46,Genovesi Environmental Study Center,40.6221465,"7151 Avenue T, Brooklyn, NY 11234",-73.9084944,Georgetown-Marine Park-Bergen Beach-Mill Basin,"Not accepted: meat, bones, or dairy",118,Mondays - Fridays 9 AM - 3 PM,Year Round,Genovesi Environmental Study Center,https://www.schools.nyc.gov/learning/student-journey/experiential-learning/genovesi-environmental-study-center,318,,POINT (-73.9084944000009 40.6221465000032),,,
New York,4,CLOSED FOR THE SEASON: 9C Community Garden Composting,40.7288659,"E 9th St & Ave C - NE corner, next to Citibike station",-73.9742968,Stuyvesant Town-Cooper Village,"Not accepted: meat, bones, dairy, bread, or grains.",97,Tuesdays 9:00AM - 11:00AM; Saturdays 12:00PM - 3:00PM,Year Round,9C Community Garden Composting,https://www.instagram.com/lescompost/,106,,POINT (-73.9742968000009 40.7288659000032),,,
New York,8,Pleasant Village Community Garden,40.79667,"342 Pleasant Ave., New York, NY 10035",-73.93172,East Harlem North,,86,"Everyday, Dawn-Dusk",Year Round,Volunteers at Pleasant Village Community Garden,http://facebook.com/pleasantvillagecommunitygarden,111,,POINT (-73.931720000001 40.7966700000032),,,
Bronx,17,Bronx River House / Starlight Park,40.8328527,1490 Sheridan Blvd,-73.8830803,Crotona Park East,"Not accepted: meat, bones, or dairy",125,Fridays 9 AM - 11 AM,Year Round,www.bronxriver.org,Bronx River Alliance,209,,POINT (-73.8830803000009 40.8328527000032),,,
Kings,43,4th Avenue Presbyterian Church,40.635514,"6753 4th Avenue, Brooklyn, NY 11220",-74.022767,Bay Ridge,"Not accepted: meat, bones, or dairy",108,24/7,Year Round,4th Avenue Presbyterian Church,,310,,POINT (-74.022767000001 40.6355140000032),,,
